[
    {
        "id": 1,
        "request_type": "Visit",
        "requested_by": "Joseph Njuguna",
        "phone": "+254 703 568 132",
        "requested_on": "2019-01-01",
        "location": "Ituru, Gatundu South, Kiambu , Kenya",
        "notes": "I have seen this pest invading a quarter of my plantation. This started a week ago and its spreading real fast.",
        "uploaded_image": "assets/img/pests/1.jpg"
    },
    {
        "id": 2,
        "request_type": "Consultation",
        "requested_by": "John Mungai",
        "phone": "+254 733 568 342",
        "requested_on": "2018-03-09",
        "location": "Kiaguthu, Othaya, Nyeri , Kenya",
        "notes": "I have seen this pest invading a quarter of my plantation. This started a week ago and its spreading real fast.",
        "uploaded_image": "assets/img/pests/2.jpg"
    },
    {
        "id": 3,
        "request_type": "Visit",
        "requested_by": "David Njuguna Nyongo",
        "phone": "+254 733 999 090",
        "requested_on": "2019-28-05",
        "location": "Kibabii, Kanduyi, Bungoma , Kenya",
        "notes": "I have seen this pest invading a quarter of my plantation. This started a week ago and its spreading real fast.",
        "uploaded_image": "assets/img/pests/3.jpg"
    }
]
